step,cos_th1,sin_th1,cos_th2,sin_th2,dth1,dth2,action,reward
0,0.999477,0.032331,0.997753,0.067007,-0.077338,-0.073595,-1.000000,-1.041790
1,0.999608,0.027986,0.999900,0.014147,0.032961,-0.446749,-1.000000,-0.984498
2,0.999040,0.043818,0.994494,-0.104789,0.118074,-0.720788,-1.000000,-0.820975
3,0.997465,0.071164,0.965800,-0.259288,0.144844,-0.820218,-1.000000,-0.644210
4,0.995281,0.097039,0.913166,-0.407588,0.105137,-0.725486,-1.000000,-0.583809
5,0.993945,0.109883,0.856618,-0.515951,0.019255,-0.478466,-1.000000,-0.692586
6,0.994593,0.103853,0.822045,-0.569423,-0.079040,-0.151756,-1.000000,-0.920091
7,0.996820,0.079683,0.823989,-0.566606,-0.158364,0.181333,1.000000,-1.353863
8,0.999826,0.018635,0.890576,-0.454834,-0.440646,1.098216,1.000000,-1.617262
9,0.996062,-0.088660,0.984040,-0.177947,-0.605707,1.774551,1.000000,-1.178352
10,0.978293,-0.207226,0.979113,0.203317,-0.552973,1.969723,1.000000,-0.405028
11,0.957188,-0.289467,0.840986,0.541057,-0.266484,1.625989,1.000000,0.008155
12,0.952973,-0.303056,0.672256,0.740319,0.128546,0.962117,1.000000,-0.130841
13,0.970167,-0.242437,0.580877,0.813991,0.485724,0.213096,1.000000,-0.575782
14,0.992472,-0.122472,0.603001,0.797740,0.707966,-0.465712,-1.000000,-1.315149
15,0.998804,0.048902,0.754351,0.656471,0.977129,-1.569901,-1.000000,-1.888147
16,0.968056,0.250733,0.949738,0.313047,1.024734,-2.326250,-1.000000,-1.615731
17,0.905945,0.423396,0.985536,-0.169466,0.755902,-2.439858,-1.000000,-0.872295
18,0.860699,0.509114,0.819216,-0.573485,0.177629,-1.878852,-1.000000,-0.413636
19,0.877122,0.480268,0.622769,-0.782406,-0.506761,-0.968496,-1.000000,-0.373717
20,0.942947,0.332942,0.545686,-0.837990,-1.073567,0.010115,1.000000,-0.745442
21,0.997620,0.068948,0.663415,-0.748252,-1.572727,1.426435,1.000000,-1.091042
22,0.965319,-0.261075,0.899897,-0.436102,-1.690962,2.414087,1.000000,-0.902067
23,0.838093,-0.545528,0.997820,0.065989,-1.362217,2.613273,1.000000,-0.709915
24,0.710301,-0.703898,0.857886,0.513839,-0.626387,2.027726,1.000000,-1.038219
25,0.685866,-0.727728,0.658264,0.752787,0.296380,1.061675,1.000000,-1.604485
26,0.787331,-0.616530,0.578283,0.815836,1.187759,-0.056157,-1.000000,-2.055162
27,0.944678,-0.328000,0.717797,0.696252,2.053014,-1.755515,-1.000000,-1.591168
28,0.992179,0.124825,0.960375,0.278711,2.441149,-2.974273,-1.000000,0.155056
29,0.828765,0.559596,0.945290,-0.326232,2.130222,-2.955952,-1.000000,1.101407
30,0.590119,0.807316,0.671518,-0.740988,1.269943,-1.990152,-1.000000,0.218680
31,0.463180,0.886264,0.436624,-0.899644,0.211689,-0.849898,-1.000000,-1.471665
32,0.521076,0.853510,0.388030,-0.921647,-0.870600,0.329695,1.000000,-3.181335
33,0.746924,0.664910,0.604205,-0.796829,-2.050768,2.191827,1.000000,-3.439308
34,0.975170,0.221459,0.954343,-0.298711,-2.898995,3.867226,1.000000,-0.497168
35,0.931153,-0.364628,0.872282,0.489004,-2.901212,3.939108,1.000000,2.278445
36,0.635039,-0.772480,0.389436,0.921054,-2.115681,2.566481,1.000000,1.889491
37,0.360717,-0.932675,0.033315,0.999445,-1.048932,1.131374,1.000000,-0.091200
38,0.270937,-0.962597,-0.064626,0.997910,0.108142,-0.136087,-1.000000,-2.605287
39,0.416347,-0.909206,0.138799,0.990321,1.436719,-1.936047,-1.000000,-4.667038
40,0.747664,-0.664077,0.667737,0.744397,2.690457,-4.019630,-1.000000,-3.268753
41,0.995620,-0.093487,0.990014,-0.140969,3.471349,-5.447308,-1.000000,1.849790
42,0.839725,0.543013,0.416498,-0.909137,3.052146,-4.242414,-1.000000,3.682156
43,0.456813,0.889563,-0.233790,-0.972287,2.127133,-2.445512,-1.000000,2.115415
44,0.158597,0.987343,-0.540736,-0.841192,1.002185,-0.956887,-1.000000,-0.331385
45,0.078195,0.996938,-0.590581,-0.806979,-0.196385,0.338814,1.000000,-3.137620
46,0.248957,0.968514,-0.379895,-0.925030,-1.532253,2.118570,1.000000,-5.873826
47,0.634806,0.772672,0.240944,-0.970539,-2.820187,4.307307,1.000000,-5.422080
48,0.979980,0.199095,0.976984,-0.213314,-3.889003,6.600604,1.000000,1.563519
49,0.844842,-0.535016,0.486925,0.873444,-3.524515,5.634896,1.000000,5.413305
50,0.390212,-0.920725,-0.394668,0.918824,-2.500039,3.573351,1.000000,4.045420
51,0.015196,-0.999885,-0.818186,0.574954,-1.340610,2.021343,1.000000,1.539709
52,-0.132707,-0.991155,-0.942478,0.334270,-0.143112,0.711598,1.000000,-0.955447
53,-0.042690,-0.999088,-0.946812,0.321788,1.046364,-0.588847,-1.000000,-3.945974
54,0.291423,-0.956594,-0.811562,0.584267,2.319994,-2.413846,-1.000000,-6.854997
55,0.764232,-0.644941,-0.248188,0.968712,3.374099,-4.646895,-1.000000,-6.782673
56,0.998136,0.061036,0.816236,0.577718,4.191519,-7.354151,-1.000000,0.369591
57,0.640643,0.767839,0.636693,-0.771117,3.640812,-6.879347,-1.000000,5.833789
58,0.113240,0.993568,-0.437301,-0.899315,2.178744,-4.662488,-1.000000,5.379702
59,-0.183346,0.983048,-0.942004,-0.335603,0.826550,-3.172466,-1.000000,3.792822
60,-0.227716,0.973728,-0.986912,0.161258,-0.346496,-1.875480,-1.000000,1.412601
61,-0.050240,0.998737,-0.917549,0.397622,-1.450595,-0.606472,1.000000,-1.827526
62,0.358040,0.933706,-0.929811,0.368038,-2.713436,0.873502,1.000000,-3.761864
63,0.853178,0.521620,-0.996174,0.087396,-3.761233,1.943554,1.000000,-1.220421
64,0.970981,-0.239157,-0.930948,-0.365151,-3.960593,2.610191,1.000000,3.091294
65,0.569925,-0.821697,-0.599503,-0.800372,-3.145716,2.836401,1.000000,3.752948
66,0.095232,-0.995455,-0.106422,-0.994321,-1.948833,2.421772,1.000000,1.620957
